clearance_mm,pixel_noise_std,trial_idx,success,reason,true_offset_mm,vision_error_mm,spiral_iters,insert_iters,insertion_depth_mm,tilt_deg,xy_error_mm,max_contact_force
1.0,0.0,0,True,inserted,8.036230139699844,1.4816789656325464,1,20,28.327417423778282,4.041012448294802,2.604448011936118,445.50447296690294
1.0,0.0,1,True,inserted,17.282806281926774,1.8514512982568607,1,20,28.171643135298666,4.085525160505816,2.5970028715684834,394.3464661092926
1.0,0.0,2,True,inserted,12.789234524497557,2.0014313987628705,1,20,27.63688043777641,4.1050051475372165,2.6723701015881085,443.140997747544
1.0,0.0,3,True,inserted,13.117623200825271,1.4142532478196428,1,20,28.31269526132261,4.06806174751384,2.4150342088581604,400.9641290649801
1.0,0.0,4,True,inserted,17.672838486723453,1.379638762421471,1,1,30.09036212282986,0.9070135701836777,1.0355937288576096,0.0
1.0,0.0,5,True,inserted,15.596654630858003,1.763331663995171,1,20,27.96588513649621,4.167060574810609,2.7750671895968306,418.8826686076185
1.0,0.0,6,True,inserted,14.60781932655735,1.5488677756831641,1,19,27.399392373640044,4.297250659267732,2.705467601287879,499.4970319823848
1.0,0.0,7,True,inserted,6.440755646849483,1.102784690850213,1,1,30.091984406494813,0.8535762713166439,1.2342464291452437,0.0
1.0,0.0,8,True,inserted,18.09090517502108,1.3130884127704525,1,20,28.186640620686223,4.041633684650921,2.4930025529595508,459.56894918383796
1.0,0.0,9,True,inserted,5.610760077040091,1.6384266404441477,1,19,27.95942717141438,3.632724365646156,2.324830009017458,450.1934109245413
1.0,0.0,10,True,inserted,15.319065521989506,1.5532488202586108,1,20,28.19943254888715,4.067130397267522,2.6319704576533467,452.7094535473328
1.0,0.0,11,True,inserted,7.1664105128064275,1.5726883842396424,1,19,27.952812717037588,3.595430959805226,2.23236828181134,417.2557305664224
1.0,0.0,12,True,inserted,6.562435392621846,1.3191723371166895,1,19,28.05681136936287,3.6411619688368764,2.222816895993271,418.3772201359748
1.0,0.0,13,True,inserted,6.68804409817393,2.0739520288774944,1,21,27.063289162262798,4.310802298010515,2.8189424516724464,406.19732023634344
1.0,0.0,14,True,inserted,5.7085816597230465,0.7127634678028202,1,1,30.09324453175288,0.8569865141899503,0.8223107197308641,0.0
1.0,2.0,0,True,inserted,13.702349500739194,4.036036904805147,1,1,30.12602900416299,0.9485272074007591,1.4959282699498662,46.120561488655184
1.0,2.0,1,True,inserted,5.75867410676238,1.9400112469493196,1,20,28.01026057523539,3.9699240200872086,2.513851328809975,464.25882790239496
1.0,2.0,2,True,inserted,5.849554741756222,5.62842387532232,1,22,27.324240507877732,4.450499219233297,2.699625962678182,504.19126287684026
1.0,2.0,3,True,inserted,14.285704173730158,3.191330265517745,1,10,28.357228866698627,0.9129443485880089,2.0394000834095714,449.70918080938
1.0,2.0,4,True,inserted,15.978918205205355,7.402061902761985,1,20,27.906419561263114,3.404102916419642,2.525719105935399,399.7101065124101
1.0,2.0,5,False,spiral_exhausted,11.632641697731584,8.028569668254882,220,,0.29785009224071735,3.6403929896952074,,
1.0,2.0,6,True,inserted,14.12613952805042,2.8404962414142365,1,20,28.654011619111873,3.325368319365114,2.1087406164825677,458.3468172183943
1.0,2.0,7,True,inserted,10.596865895260576,5.22924445193191,1,1,30.09735060895976,1.847607493657206,1.7842558922392437,81.2838558095792
1.0,2.0,8,True,inserted,15.6816670302686,5.024754338351715,1,10,28.614117347269747,0.625077091245829,1.5434119752658741,369.72996124341876
1.0,2.0,9,True,inserted,9.487057607671627,7.434549457475812,1,23,28.47765510239992,3.2132131085974227,2.145539402666809,479.23488131364854
1.0,2.0,10,True,inserted,6.502221563616352,7.820662388299682,1,23,28.31526557557349,3.6945806782636335,2.2711136176502884,565.4593725834856
1.0,2.0,11,True,inserted,10.38681307289,6.336809614235358,1,23,28.18269958144585,4.0925362342958795,2.566008043352763,488.3923839948452
1.0,2.0,12,True,inserted,12.50785021644722,7.336363678689826,1,25,27.54891133369399,1.3842412767286951,1.9635240416240454,469.0669527589047
1.0,2.0,13,True,inserted,13.3871929208684,6.673460076744465,1,13,27.257318638264515,1.714598961806394,2.0579573504928876,462.1017297205505
1.0,2.0,14,True,inserted,13.637715168894616,4.244821219660776,1,19,27.535109163922698,3.0418613160135717,1.9857043719522516,433.62067448747985
1.0,4.0,0,False,spiral_exhausted,4.247096576329817,17.87443956115465,220,,0.05112239435125371,0.8953128615039627,,
1.0,4.0,1,True,inserted,13.521543282610528,3.5153499570305944,1,21,27.66103696137677,4.277587975847411,2.589365822633571,386.1151784500102
1.0,4.0,2,True,inserted,7.732251947669921,11.004190374142127,1,16,27.136807965434482,1.324042106318237,2.0420082326638074,381.6838112381255
1.0,4.0,3,True,inserted,8.947702593599963,3.055955035887129,1,1,30.05063863396844,0.636302629358409,1.3645936562283847,17.62447626246738
1.0,4.0,4,False,spiral_exhausted,9.46612245474012,13.047308253122635,220,,0.3080339539670851,3.6519150733730723,,
1.0,4.0,5,False,spiral_exhausted,13.440696436022508,11.08131452280231,220,,0.26848483668801687,3.8922580648838037,,
1.0,4.0,6,True,inserted,19.01266737152955,15.272169140564689,40,27,28.382603944260087,2.5489726260978753,2.137889596325737,389.50523565515255
1.0,4.0,7,True,inserted,18.094322414404886,3.2951713176588684,1,1,30.073188538729628,0.8084231255632413,1.5871496043755624,27.73926312088649
1.0,4.0,8,True,inserted,17.296447054196193,6.977448429037059,1,10,28.194204925899697,0.4490793448879638,1.0456766515921874,363.4442897730167
1.0,4.0,9,True,inserted,15.178180393902837,14.920327307839704,40,18,28.308709644922214,1.344971596128341,1.778906947182407,345.7717587001253
1.0,4.0,10,True,inserted,8.051227459358012,19.232958463515725,38,22,27.317858833048554,1.31049505515067,2.078740058972713,420.0705452841797
1.0,4.0,11,False,spiral_exhausted,14.514322623045818,13.824886775687188,220,,0.2240670102125683,3.108670354798423,,
1.0,4.0,12,False,spiral_exhausted,2.0769723201282346,14.65073716052211,220,,0.23562095073364347,3.876690357481172,,
1.0,4.0,13,True,inserted,15.442200400850574,14.191121553944015,1,21,27.68079246833801,1.2371103117747204,2.081168095391833,441.5123951996525
1.0,4.0,14,True,inserted,14.55913533139735,8.183292008427184,1,12,27.470751130709356,1.098903598281518,1.9301834509392184,419.8703337334971
1.0,6.0,0,True,inserted,16.453645582534044,2.2735283805884876,1,21,28.15320485090951,4.178821991325124,2.998065662822594,374.95753324260966
1.0,6.0,1,True,inserted,12.878815768251975,9.985505816127784,1,25,27.68596891164271,4.137143905874623,2.557078077378711,567.7035125967265
1.0,6.0,2,True,inserted,16.547795335869587,21.163784552140587,74,23,28.643605549440196,3.1335105962639482,2.2488891589639555,380.72740101793175
1.0,6.0,3,False,spiral_exhausted,5.117409942661106,19.391966951057054,220,,0.012245070922366208,1.827232031524256,,
1.0,6.0,4,True,inserted,7.471089475597974,15.420390252396672,29,35,28.58957288405575,3.7991383929428566,2.728197608761637,506.9188376983511
1.0,6.0,5,False,spiral_exhausted,13.986798803442182,22.886459658806185,220,,0.17117554240506094,1.4267059384898086,,
1.0,6.0,6,False,spiral_exhausted,12.930070904889659,35.98338141570569,220,,0.0,0.06601865614999741,,
1.0,6.0,7,True,inserted,3.0510110203480134,10.968797267369537,1,13,28.588626978112437,0.6094055519051816,1.6019062133556081,387.9271792169316
1.0,6.0,8,False,spiral_exhausted,6.601562765469738,21.422700640521246,220,,0.13639910777101666,1.5224711309478962,,
1.0,6.0,9,False,spiral_exhausted,9.894907748981561,15.585950846207076,220,,0.15982110104340724,1.1904320725237958,,
1.0,6.0,10,False,spiral_exhausted,14.31875486487062,22.01349536746861,220,,0.012066568495151808,0.5714365415622858,,
1.0,6.0,11,True,inserted,3.229667787745721,4.368504181918795,1,23,28.66246660758245,3.775157604872237,2.4850881317522906,445.4457034141729
1.0,6.0,12,False,spiral_exhausted,10.999381634202566,21.38419059797767,220,,0.1752510161343035,1.439259824968,,
1.0,6.0,13,False,spiral_exhausted,18.416535958561084,21.288741527827593,220,,0.12984704662306196,2.4683376418250367,,
1.0,6.0,14,True,inserted,10.21457179000774,6.190175251634227,1,1,30.160674863287777,2.211802286416087,1.4794151040940005,117.89701312334337
1.0,8.0,0,False,spiral_exhausted,15.248651245550922,24.221371108903867,220,,0.0,0.27506729900623983,,
1.0,8.0,1,False,spiral_exhausted,8.184857677637407,13.49934664491397,220,,0.2537858921192876,3.460332457393712,,
1.0,8.0,2,False,spiral_exhausted,14.636420719174527,18.540484335168205,220,,0.15700139156741427,0.23359260768943896,,
1.0,8.0,3,False,timeout,17.158715997085377,53.063210845873776,212,220,30.30047925027496,1.8401975318891712,,7.965028654606935
1.0,8.0,4,False,spiral_exhausted,4.1512189480458135,17.1470187003224,220,,0.12666560647857372,2.5191391989601493,,
1.0,8.0,5,True,inserted,16.51422955755176,34.505523321631394,114,25,27.564626775379715,1.2526782479630996,1.9139223946434567,395.0275734805682
1.0,8.0,6,True,inserted,8.97549730018993,1.8409268387050302,1,1,30.0149584959258,0.5468515165840986,1.2469584877154467,2.0791964677506507
1.0,8.0,7,True,inserted,11.443723621179858,18.39245155946546,48,21,28.832958078699015,0.4459272070099067,1.3736224515510407,361.3687987777046
1.0,8.0,8,False,spiral_exhausted,15.564970312097373,54.541115827249726,220,,1.071861386954545,5.736155663312146,,
1.0,8.0,9,False,spiral_exhausted,14.853666708082288,41.7532221549366,220,,0.02848199134885404,1.4280414248080686,,
1.0,8.0,10,False,spiral_exhausted,10.637961650371533,10.422111039934265,220,,0.24032862163015506,3.663588439071419,,
1.0,8.0,11,True,inserted,14.78425509046604,7.267365164048222,1,13,28.961518828997086,0.6372812991259422,1.498984371753451,380.4364694909822
1.0,8.0,12,False,spiral_exhausted,13.215000945950608,9.942141923199202,220,,0.31487368370560626,3.6383097916147205,,
1.0,8.0,13,True,inserted,8.214860557636937,39.97790487027953,183,32,28.160945282837343,3.3353590871631424,2.417500169728327,393.2742124791756
1.0,8.0,14,False,spiral_exhausted,10.468325171218982,40.033695192729844,220,,0.0,0.29777630244549663,,
1.0,12.0,0,True,inserted,2.9859525851532647,44.26710885566884,170,24,28.003655466020238,0.993297861115068,1.9101524620518402,374.39124181134633
1.0,12.0,1,False,spiral_exhausted,9.209255014900565,42.51450262329087,220,,0.04004764538357436,0.5198152957410708,,
1.0,12.0,2,True,inserted,19.00311554946105,20.14543591684092,41,21,27.93928691586487,1.4324823249758958,1.9598705951585602,427.17119308524326
1.0,12.0,3,False,spiral_exhausted,14.961837139516716,56.35694584987713,220,,0.4113731563877912,3.528851069256946,,
1.0,12.0,4,False,jammed,14.599083653534194,117.82424117424681,1,39,30.28243963219368,1.9380814489927398,,0.0
1.0,12.0,5,False,spiral_exhausted,10.823563462234958,22.35011132890988,220,,0.02052975806959151,0.18060025685195144,,
1.0,12.0,6,True,inserted,9.43903683686421,11.71002309405786,19,23,28.91566140298215,0.7438220777203733,1.7769099501815293,399.7457832107984
1.0,12.0,7,False,timeout,14.207715144151567,43.95107570601805,211,220,30.259178468342174,1.8712045702634348,,0.0
1.0,12.0,8,False,spiral_exhausted,7.322924423864196,25.604467099228195,220,,0.018349948293069906,0.6748869017860795,,
1.0,12.0,9,True,inserted,10.248925321135422,15.26941384729522,1,19,28.541378098617802,0.44817720167567254,1.0663055948806304,377.5899737876253
1.0,12.0,10,False,spiral_exhausted,14.101834342600515,37.05890078985079,220,,0.05805852315168836,0.7947580732949708,,
1.0,12.0,11,False,spiral_exhausted,11.63926179158901,25.46077591234757,220,,0.06581156388069803,2.947984026519481,,
1.0,12.0,12,False,spiral_exhausted,14.726571096670243,32.36504950849588,220,,0.07276466308098889,0.888339029893326,,
1.0,12.0,13,False,spiral_exhausted,16.738884627054937,34.53820356361493,220,,0.10831860550942346,0.7019090841356966,,
1.0,12.0,14,False,spiral_exhausted,16.988399481625407,22.458501159238438,220,,0.1828470354632919,2.2481270249592336,,
1.0,16.0,0,False,spiral_exhausted,4.02341414486123,41.341339512039795,220,,0.23787163285390878,3.695915022961471,,
1.0,16.0,1,False,spiral_exhausted,7.547905713501119,38.42648302052642,220,,0.04719869292413997,2.566412242630186,,
1.0,16.0,2,False,spiral_exhausted,6.437221062869709,20.030725909095626,220,,0.12570761185011492,0.9896265484848077,,
1.0,16.0,3,False,spiral_exhausted,14.992872834829603,35.00396987664599,220,,0.0,0.6929291068350902,,
1.0,16.0,4,False,timeout,9.38523420518765,67.50399271846331,85,220,30.234419690250093,2.181905296545994,,0.0
1.0,16.0,5,True,inserted,14.664678168611909,33.25351561948432,110,20,27.94267159679311,0.2555197958297589,0.38193674496842445,402.0150630696974
1.0,16.0,6,False,spiral_exhausted,16.835097075460904,25.618278190423908,220,,0.30471871557826574,0.7088977159904912,,
1.0,16.0,7,False,spiral_exhausted,9.422807466495577,34.64938721622627,220,,0.09643462393540969,1.083905700883732,,
1.0,16.0,8,True,inserted,5.583582866117652,7.515186150562785,1,12,28.20193386148869,1.035016149084952,2.030552785222369,377.5963494464673
1.0,16.0,9,True,inserted,16.4646960759875,4.620219886227315,1,21,28.381280117220506,3.239530917823919,2.2112759929099988,490.9265458472509
1.0,16.0,10,True,inserted,6.321540197333257,19.96559517530894,1,16,28.17767427213056,0.34809854341309043,0.8403344072366259,380.5873757491257
1.0,16.0,11,False,timeout,8.446869100517794,104.37595959449216,1,220,30.23555785311156,1.7392185511687461,,0.0
1.0,16.0,12,False,spiral_exhausted,11.561271375921452,52.6516917122477,220,,0.0878381953140564,0.059455638401100484,,
1.0,16.0,13,False,timeout,10.693170585903282,72.31475707519003,40,220,30.372324288703588,2.148472901843694,,0.0
1.0,16.0,14,False,timeout,10.439848354024749,41.56546125378617,211,220,30.28445836139293,1.9160321455417009,,0.0
1.0,20.0,0,False,timeout,9.217548958806175,71.31267596194861,156,220,30.26755497952057,1.9029286265896275,,0.0
1.0,20.0,1,False,spiral_exhausted,2.770675157896364,61.16453340273861,220,,0.0432729584549027,0.9913935026616748,,
1.0,20.0,2,False,spiral_exhausted,15.248681939831123,27.193616785611365,220,,0.2430665110252292,3.6702920828859247,,
1.0,20.0,3,False,timeout,12.85242145740232,75.37047456986411,86,220,30.287712525389214,1.9750022513625716,,0.0
1.0,20.0,4,False,spiral_exhausted,11.409305404756775,40.76780514810916,220,,0.252762556832313,2.7093184890349136,,
1.0,20.0,5,False,timeout,17.75712350426515,73.1311367940955,173,220,30.275467411329455,1.9009117599503147,,0.0
1.0,20.0,6,False,spiral_exhausted,20.230823656080172,46.443299914436516,220,,0.395982471602295,0.19680267587169256,,
1.0,20.0,7,False,spiral_exhausted,7.604196294585249,73.25237345780933,220,,0.2870892739355868,0.6544767179243891,,
1.0,20.0,8,False,spiral_exhausted,10.93702209234713,52.974115608567416,220,,0.1565720015452507,1.0527495885507916,,
1.0,20.0,9,False,spiral_exhausted,8.647970235257015,81.01431465896613,220,,0.0686923101128889,0.7653827604289356,,
1.0,20.0,10,True,inserted,12.367792386172075,47.42351274079171,184,27,28.125154545359493,1.496750245683901,2.054516745842495,382.0118417785277
1.0,20.0,11,False,jammed,13.196417767864027,86.21194678247807,1,123,30.268045894080043,1.9252516181611397,,0.0
1.0,20.0,12,False,jammed,3.1353323090459466,73.54674875019315,59,81,30.320594391010157,2.2488309733969585,,6.084634821525835
1.0,20.0,13,False,spiral_exhausted,11.611592485677214,34.47751796112316,220,,0.29706928659115756,3.4871864850270025,,
1.0,20.0,14,False,timeout,11.173094554838421,84.57470487084488,47,220,30.36599839917035,2.282971502707123,,0.0
3.0,0.0,0,True,inserted,12.163638572846189,1.7985771431529505,1,1,30.103888626242036,0.905365706628588,1.8724597850831404,0.0
3.0,0.0,1,True,inserted,6.673988372703514,1.5898789054593911,1,1,30.10120032553764,0.8924967075542724,1.7824000588756514,0.0
3.0,0.0,2,True,inserted,9.826197945554693,1.4381028894167895,1,1,30.102186967738355,0.8984574396113288,1.5952418013205274,0.0
3.0,0.0,3,True,inserted,15.569771553968366,1.6506653983665436,1,1,30.101808404062915,0.9033664355161449,1.8167086109592872,0.0
3.0,0.0,4,True,inserted,10.390626439223036,1.614999327234241,1,1,30.089783013923665,0.8439077605919041,1.8459822276487758,0.0
3.0,0.0,5,True,inserted,3.2177243230615815,1.7322515558859346,1,1,30.096736485369227,0.8713369111572662,1.7695025644137683,0.0
3.0,0.0,6,True,inserted,13.07647489123486,1.965997095511891,1,1,30.094861067985658,0.857717259549367,2.1964734220458575,0.0
3.0,0.0,7,True,inserted,14.307521653372117,2.0316858587707274,1,1,30.09847736894114,0.8703289399001377,2.321894442968943,0.0
3.0,0.0,8,True,inserted,1.9875524852915645,1.4591851855459783,1,1,30.09792909872593,0.8789745577948894,1.749762857380691,0.0
3.0,0.0,9,True,inserted,13.743218121539615,0.673472719050557,1,1,30.093843758532728,0.8527112242116035,0.9776543923159217,0.0
3.0,0.0,10,True,inserted,11.020618437067816,1.3794503011404557,1,1,30.088106264068696,0.8438451001573746,1.5105724207789875,0.0
3.0,0.0,11,True,inserted,6.555754759841436,1.6473637144623885,1,1,30.09113424136654,0.8534013545980333,1.7303880366045958,0.0
3.0,0.0,12,True,inserted,16.079312875530125,1.080967422902502,1,1,30.098142607586617,0.8913510304401119,1.219925578249341,0.0
3.0,0.0,13,True,inserted,17.489883581085348,1.4690494255828894,1,1,30.08383167961311,0.8226023089072914,1.7940039291101244,0.0
3.0,0.0,14,True,inserted,14.408562125493777,1.8611799102826099,1,1,30.107626247589096,0.9157565107977814,2.0477807878367305,0.0
3.0,2.0,0,True,inserted,8.504716963297483,2.402886440935251,1,1,30.09173128800348,0.8486803686834593,2.023564247456736,0.0
3.0,2.0,1,True,inserted,15.969676544088852,5.348082785058621,1,1,29.989748745015113,0.36621111796568223,3.6715523309190194,37.373326985155536
3.0,2.0,2,True,inserted,5.509347182032285,3.893331918071421,1,17,28.20509282019986,2.353827961298744,4.5459263500406895,362.12184897396793
3.0,2.0,3,True,inserted,14.880351175714662,6.832580778953996,1,1,30.112454197324556,1.0674478242341277,4.729136478805743,63.43626666210911
3.0,2.0,4,True,inserted,15.098177643425014,0.4940374388765936,1,1,30.103079864608915,0.8877846453989792,0.39076787001999375,0.0
3.0,2.0,5,True,inserted,16.449704101393607,4.026226077054129,1,10,28.302671620965718,0.42439720984766105,4.024897213583553,408.85034442364974
3.0,2.0,6,False,spiral_exhausted,12.391164263140215,9.620711116496725,220,,0.06230446393477168,0.8683351531067308,,
3.0,2.0,7,True,inserted,8.577110078326669,5.7554549964223645,1,20,28.4106536259105,1.252385087259445,4.517532889219296,351.172107206951
3.0,2.0,8,True,inserted,9.158394891375487,4.101671475774524,1,17,27.79119033220602,2.2602398286528147,4.76111269471673,459.66347396274256
3.0,2.0,9,True,inserted,9.984735052244304,1.0508323549035627,1,1,30.103563825726926,0.9021217076195486,1.4188478055465863,0.0
3.0,2.0,10,True,inserted,14.76060056795243,3.763419405721951,1,1,30.082717733184783,0.8229767171322825,3.283936386691225,0.0
3.0,2.0,11,True,inserted,14.660884033433053,2.3738955214519417,1,1,30.09244012479428,0.8482046371985649,2.8620094101047955,0.0
3.0,2.0,12,True,inserted,18.49824764203932,7.747333516672951,1,20,28.12557338519725,2.7599743527258407,4.195027914157714,399.6127078579672
3.0,2.0,13,True,inserted,3.4717197901596775,8.015939394821237,1,22,28.548533041159423,3.120946593163369,4.800958746162713,469.7583705731885
3.0,2.0,14,True,inserted,8.618435033700305,4.023888112228563,1,18,28.424996106521146,2.3605528319501596,4.799229624587678,435.6048521780246
3.0,4.0,0,True,inserted,14.230730657100537,10.50402512524743,20,20,27.233765611419443,0.4392933598511491,2.8898015736623996,368.44303878532054
3.0,4.0,1,True,inserted,2.2774607466158523,6.7069669367632745,1,19,28.28359909667163,2.1987411141064284,4.984279465795737,388.6547294130269
3.0,4.0,2,True,inserted,16.558571210488072,9.40668712080149,1,10,28.37966853852093,0.6031037892185352,4.031487337975973,382.1846425135375
3.0,4.0,3,True,inserted,14.629423498585943,15.493427751444813,45,25,27.167613330617687,3.0111570871945887,4.504038342868821,378.0710221710207
3.0,4.0,4,True,inserted,10.19953218781487,17.28558039892303,1,17,27.563078478702955,0.5556837688789098,3.3787856281822233,385.5961601279369
3.0,4.0,5,True,inserted,11.129341743680623,8.259848248920798,1,13,28.12596827761149,0.5293425918753581,3.443270473916873,393.2939920731956
3.0,4.0,6,True,inserted,12.723929200370259,6.7112851446843935,1,24,28.968413478214774,0.8670734249484585,4.467109212782699,359.15288476685635
3.0,4.0,7,False,spiral_exhausted,15.725039003704728,12.429679260587589,220,,0.09781693373846906,0.9560408607410927,,
3.0,4.0,8,True,inserted,12.171871027781833,7.766076816968805,1,21,27.849036899350615,3.0006358955835495,4.96583116078826,568.2824404298434
3.0,4.0,9,True,inserted,3.8133611052121994,10.964417611532777,14,18,28.071010903533722,0.3669635293245919,2.57937062065933,351.20941532415264
3.0,4.0,10,True,inserted,15.887676216933803,5.447896745438935,1,10,28.23647181837577,0.4740550923618772,3.6742230584369437,380.0355661877638
3.0,4.0,11,True,inserted,15.774456185501274,14.009109954877673,1,11,28.135835489962187,0.461314366233105,2.9555737697169993,408.227035972916
3.0,4.0,12,True,inserted,16.32724364297937,7.172230004465553,1,11,28.645694165039927,0.3947785537231533,2.8164748759215015,357.8246489120367
3.0,4.0,13,True,inserted,10.143190968905998,29.752206243033054,85,20,28.301191560082795,0.3072296645595924,3.1750738632531874,394.8704489425278
3.0,4.0,14,False,spiral_exhausted,15.209056163667237,15.3071544381696,220,,0.1723006340471761,0.8029250708448253,,
3.0,6.0,0,False,spiral_exhausted,14.671537725617632,18.144786340682476,220,,0.042386618698257716,0.513894969707766,,
3.0,6.0,1,True,inserted,13.111845759774692,10.373790288061214,1,23,28.15711579935478,2.5226496338488955,5.095044025132524,385.80338463238905
3.0,6.0,2,True,inserted,5.842007051042742,7.907709093529017,1,10,27.013517459537965,0.5109690624548425,3.028531076205195,364.1332938805812
3.0,6.0,3,True,inserted,8.248741539152078,25.061071268160912,33,20,27.520011500679107,0.4155093938245896,1.89599973508358,385.445442313387
3.0,6.0,4,False,spiral_exhausted,10.164986305056448,31.15307686954715,220,,0.09183284702900946,0.9556825592220081,,
3.0,6.0,5,True,inserted,5.268337146536287,22.249140679640654,2,27,28.586405399685518,0.12777859231190178,2.8551289800446513,511.94914132765985
3.0,6.0,6,False,spiral_exhausted,12.290649704400932,31.339480183508606,220,,0.1584576683614572,0.26521929286459645,,
3.0,6.0,7,False,spiral_exhausted,4.289638943299184,15.300411683643778,220,,0.16461529663936575,1.5859527239531637,,
3.0,6.0,8,True,inserted,7.44233941303444,20.437023057614727,58,26,27.19975216694985,1.298364906561918,4.334954076630685,395.82680296166444
3.0,6.0,9,False,spiral_exhausted,1.265634019958081,15.418139062130424,220,,0.265911245627401,3.6625844213846173,,
3.0,6.0,10,False,spiral_exhausted,10.017562450942123,14.594073573345172,220,,0.26450034527523286,3.776479332909427,,
3.0,6.0,11,True,inserted,10.859578728958963,9.687284498008374,1,11,28.81874233770599,0.43537094975834795,3.9881316516839047,361.60895505560956
3.0,6.0,12,True,inserted,5.219227179164376,20.400768948868645,1,15,28.801759989536617,0.43653926513575547,2.465477374753976,385.47568891160296
3.0,6.0,13,True,inserted,10.24324593564707,4.410544646975503,1,19,28.576223453943186,2.916915785431477,4.914186912776557,434.5293971060628
3.0,6.0,14,True,inserted,12.609784515789991,21.802064102589174,1,16,28.57295995702723,0.4722145962812189,1.4225697125163799,427.9160849823608
3.0,8.0,0,False,spiral_exhausted,12.119243585367668,21.72454012223562,220,,0.0,0.2951576112572406,,
3.0,8.0,1,True,inserted,4.543948351652294,13.037548808599269,26,16,27.686163112526398,0.3483802833623842,2.9571903466439604,397.1234799422365
3.0,8.0,2,True,inserted,13.234423990177465,16.437470061917406,1,26,28.75505753012349,2.579193510167647,4.109041581764818,480.7389819034001
3.0,8.0,3,False,spiral_exhausted,15.132883690372875,40.44672481076506,220,,0.0,0.22756471802331568,,
3.0,8.0,4,True,inserted,17.99686369960617,17.887014962837092,73,25,28.28601210310369,2.526786567573302,4.368405457003565,583.8150062445976
3.0,8.0,5,True,inserted,9.581455127219362,6.16906947440409,1,16,27.439456465118937,1.1127103316057059,4.295489719840046,339.9103818805485
3.0,8.0,6,True,inserted,9.790324991868271,2.6966779432542296,1,1,30.09505696928309,0.8719992391345439,3.0762425361716934,0.0
3.0,8.0,7,True,inserted,9.467007983572753,5.799625924528742,1,10,27.448943704872658,0.44177797675954295,3.8691063463676887,439.0398945932682
3.0,8.0,8,True,inserted,15.31361767490891,35.209281036647866,111,20,28.295764709559087,0.4193123529803862,3.148372129722332,380.5560762489684
3.0,8.0,9,True,inserted,15.93389522385669,20.90318870396715,55,36,27.549570129283495,1.584302586151278,4.539169555709864,420.12054327801405
3.0,8.0,10,True,inserted,12.652038005613838,3.846641539409825,1,17,28.20539993256995,2.3919614353619916,4.879483768768625,360.06064814432375
3.0,8.0,11,True,inserted,9.103388326893642,11.80513643551764,21,18,27.558837959563704,0.4256930213806659,3.10137928505137,420.0199246408433
3.0,8.0,12,True,inserted,4.7664826660033155,20.44612020447909,71,38,27.493565352965426,2.8224417375038175,4.205544547016307,479.922647785605
3.0,8.0,13,True,inserted,5.985611617033895,49.38582380847335,181,19,28.262368501686804,0.39028963118105064,3.478318819980855,389.11080615952886
3.0,8.0,14,False,spiral_exhausted,5.555318756223391,17.299324814966667,220,,0.2781031872120879,3.867046960493197,,
3.0,12.0,0,False,timeout,4.6279821565430455,72.34155537629053,156,220,30.018814821818037,0.962945135942124,,0.0
3.0,12.0,1,False,spiral_exhausted,7.602873190074361,38.28457490502688,220,,0.15981536724377077,1.7032829251757586,,
3.0,12.0,2,False,spiral_exhausted,4.7336312013635755,23.429494247363724,220,,0.009919392558982443,2.9647040191687832,,
3.0,12.0,3,True,inserted,4.030859105272784,14.525581958177906,27,18,28.996220187965505,0.3429131494763288,3.1460356851716162,398.6419693011993
3.0,12.0,4,False,spiral_exhausted,10.51454268409694,47.8349983173375,220,,0.2990429451573337,3.656100529962726,,
3.0,12.0,5,True,inserted,16.866460341558252,31.26744722356569,90,18,28.776029542999368,0.3176416029234678,2.929449203945535,377.95573848363154
3.0,12.0,6,True,inserted,16.287369277475815,30.236110083534545,85,20,27.92832758837644,0.33099643707067883,2.6746470055680787,381.99893076949326
3.0,12.0,7,False,spiral_exhausted,9.532271655100104,40.70102280736678,220,,0.6339997888427651,2.118132947287442,,
3.0,12.0,8,False,timeout,18.257561835625456,95.08942684292552,1,220,30.282351941445235,2.084062466198588,,0.0
3.0,12.0,9,False,spiral_exhausted,3.149105947951492,29.381588486722155,220,,0.07127077399667059,0.8039838281679415,,
3.0,12.0,10,False,spiral_exhausted,8.819869869466228,39.29121675194408,220,,0.14405402345189777,0.6242420459213516,,
3.0,12.0,11,False,spiral_exhausted,13.153572420606956,14.103280861232038,220,,0.343053690932002,3.7289726504917873,,
3.0,12.0,12,True,inserted,9.499354382768873,30.332407396451078,124,21,28.4250814403086,2.2173659313282674,4.491722245329296,393.0123937000471
3.0,12.0,13,True,inserted,6.516481631740484,11.769928629340782,1,22,28.09801886264197,2.5215128261429904,4.778779774401643,571.6858851815309
3.0,12.0,14,True,inserted,14.722062230705145,9.348310271057775,1,21,28.488852434002453,0.957648270813139,4.545576082808033,413.0526267657069
3.0,16.0,0,False,spiral_exhausted,8.579120938152327,38.551713613173064,220,,0.007875455264115538,0.7235827225744726,,
3.0,16.0,1,False,timeout,6.533764616539153,61.95665867319989,100,220,30.3094660411268,1.67817908731386,,0.0
3.0,16.0,2,False,spiral_exhausted,17.12091021681368,16.14904204660715,220,,0.14770447750188376,0.5377980775258866,,
3.0,16.0,3,False,timeout,12.682427577535352,50.73125447635036,171,220,30.330061275281096,1.6849097537389495,,15.197735761147285
3.0,16.0,4,True,inserted,9.246921472577212,19.975788536142865,1,15,28.816600781300227,0.4602016413071584,2.802910747775319,420.8052785259911
3.0,16.0,5,False,spiral_exhausted,12.428566802602084,46.48343628350896,220,,0.5571026826728526,1.0810914425547649,,
3.0,16.0,6,True,inserted,12.354598849386877,31.566017126390797,75,28,28.80534826545122,0.43784247476734045,3.1492475024412783,387.2240141216145
3.0,16.0,7,False,spiral_exhausted,7.2472585200435695,38.77862992682061,220,,0.16665478621911284,0.7467262986236504,,
3.0,16.0,8,True,inserted,12.452463446327938,31.11703680826864,119,21,27.778374758762894,0.4776816755525173,3.970083197193155,390.0343177194185
3.0,16.0,9,False,spiral_exhausted,12.171530161663524,28.032382519782505,220,,0.17781522205038286,0.8782616521281656,,
3.0,16.0,10,False,spiral_exhausted,3.208725605976944,22.90350894584548,220,,0.013457025788900234,2.9275175377937037,,
3.0,16.0,11,True,inserted,9.241323724343127,13.331714294944973,1,10,27.108061554338835,0.46931887625257124,0.3723787432661598,359.26880637060304
3.0,16.0,12,False,timeout,12.959730226198442,68.14337129036504,96,220,30.04319413518763,1.859620336240461,,0.0
3.0,16.0,13,False,timeout,5.588593298036212,69.96604054354036,207,220,30.016090543822994,1.7241996916419107,,0.0
3.0,16.0,14,False,jammed,12.47278959508322,63.930359507506765,100,78,30.332598913165064,2.290468619744893,,0.0
3.0,20.0,0,False,spiral_exhausted,15.460542484903584,53.1910008366346,220,,0.11056637428803057,0.7147699643703213,,
3.0,20.0,1,False,spiral_exhausted,12.748258680302603,27.326422101295115,220,,0.05560438606434792,2.3765703164436487,,
3.0,20.0,2,False,spiral_exhausted,17.030195493310853,18.03252937180402,220,,0.0694064711341813,0.5802745097977171,,
3.0,20.0,3,False,timeout,3.846725206999152,71.2363394652772,111,220,30.379314658678698,2.142891048544855,,0.0
3.0,20.0,4,False,timeout,9.372664787090063,63.454864192807726,167,220,29.993752743632438,0.9521745009722078,,3.3476102874982305
3.0,20.0,5,False,timeout,14.381797172319601,76.54941695489778,58,220,30.281234144331247,2.0919665837559007,,0.0
3.0,20.0,6,False,spiral_exhausted,4.779949106079649,13.370776360581711,220,,0.3406468843926147,3.3742251448719305,,
3.0,20.0,7,False,timeout,6.882442007872115,79.55637885310989,66,220,30.33703072716465,2.41941727914494,,0.0
3.0,20.0,8,False,timeout,7.492074458867735,93.99188783325307,1,220,30.355499035346366,1.7419164934885054,,93.77067684883957
3.0,20.0,9,True,inserted,9.256299236090634,32.80756617945091,97,21,27.781226567305417,0.4175721120592606,3.0999233941624658,395.6701114024462
3.0,20.0,10,True,inserted,13.569226290608603,19.752554361476754,1,15,28.956411792664515,0.4624048608841403,2.568253826858808,372.3585596994152
3.0,20.0,11,False,timeout,12.853042509508123,75.41520743402357,145,220,30.231369815248517,1.7791202295633184,,9.505169569869269
3.0,20.0,12,False,timeout,7.748562571163185,74.74247748066577,153,220,30.021713474839324,1.7265757222826101,,5.369843895120879
3.0,20.0,13,True,inserted,6.276946020714382,14.671366119509953,1,16,28.236356434121756,0.476639474590169,4.112082537429665,374.7665952693741
3.0,20.0,14,True,inserted,13.645470661032267,15.329301800740609,1,11,27.233520323446793,0.46099041325941653,2.340157266414195,386.1293799542986
6.0,0.0,0,True,inserted,16.232623523029464,1.4080397766686186,1,1,30.0928435689006,0.8477737688104436,1.5607362293597569,0.0
6.0,0.0,1,True,inserted,7.332680497116695,1.470253088552606,1,1,30.102222525494366,0.8931699066875268,1.5276237416036218,0.0
6.0,0.0,2,True,inserted,11.828212808463702,1.6159936336758074,1,1,30.091055264897502,0.8601725908442587,1.603626089878632,0.0
6.0,0.0,3,True,inserted,17.59631468656463,1.504911485897304,1,1,30.083329063605948,0.820041301144577,1.6010202658440227,0.0
6.0,0.0,4,True,inserted,4.353023196348195,2.19265042311438,1,1,30.092977313248547,0.8607033716824477,2.2884220522239267,0.0
6.0,0.0,5,True,inserted,4.307525168326239,1.1966253034591103,1,1,30.09797435266573,0.8748947959816366,1.5291643316896788,0.0
6.0,0.0,6,True,inserted,7.255240907672746,0.9335197721069503,1,1,30.0980476679631,0.872937782063061,1.047497675822168,0.0
6.0,0.0,7,True,inserted,13.035735972063375,1.3327883331203254,1,1,30.095484173919058,0.8595580681566494,1.5677949559241342,0.0
6.0,0.0,8,True,inserted,5.487432246943646,1.837442605332607,1,1,30.098258554676153,0.883265740810975,2.0244611963740624,0.0
6.0,0.0,9,True,inserted,8.963437906166552,1.1159956427858222,1,1,30.103478471780996,0.896755380195966,1.1832917854908584,0.0
6.0,0.0,10,True,inserted,11.571202147746023,1.9426740811340553,1,1,30.09484336133393,0.8586067369950683,2.168385796081564,0.0
6.0,0.0,11,True,inserted,14.56145978200848,1.9458147489563533,1,1,30.10752469017696,0.9165657273438997,2.1446608150332023,0.0
6.0,0.0,12,True,inserted,14.790475855003756,1.8252117307574052,1,1,30.100759335630393,0.8790687402816768,2.0637319308491184,0.0
6.0,0.0,13,True,inserted,12.22108752676989,1.2157171366000126,1,1,30.08734254838223,0.8369421130165481,1.4027021029217581,0.0
6.0,0.0,14,True,inserted,7.006521092923049,1.006072712542598,1,1,30.10057002298653,0.8907506927939586,1.1391009902997709,0.0
6.0,2.0,0,True,inserted,11.335202429167676,2.603460188589518,1,1,30.098720222039223,0.8723151520187974,3.0598802068486433,0.0
6.0,2.0,1,True,inserted,13.762251468981912,5.001780647634338,1,1,30.082806559110953,0.8186101599651762,4.575687642304208,0.0
6.0,2.0,2,True,inserted,11.399524622374638,8.642489915744434,1,19,27.542491556681238,1.4656897573858993,7.706063579341087,375.9608904964977
6.0,2.0,3,True,inserted,9.206221994088617,1.224118408068442,1,1,30.104360862449905,0.89816621085757,1.6498294648910152,0.0
6.0,2.0,4,True,inserted,6.639142988715625,3.8059104719952943,1,1,30.088964478206556,0.8430054475062168,3.4195207770262908,0.0
6.0,2.0,5,True,inserted,0.8441223597132929,3.381090863786365,1,1,30.098445388053616,0.8802809582940563,3.8093200441043216,0.0
6.0,2.0,6,True,inserted,14.398336673153572,11.628031743236132,1,12,27.07738906656914,0.560927288706178,1.6341191415447298,368.34548836747877
6.0,2.0,7,True,inserted,17.27388194187777,6.602214388696074,1,10,27.32193957630364,0.511204599024777,3.296381407834237,362.2412267467173
6.0,2.0,8,True,inserted,6.893666532525454,9.130940995394209,1,18,27.06682290229883,1.4169913813554427,8.665327134691898,376.7063081057044
6.0,2.0,9,True,inserted,19.09219504118679,2.2230516740574453,1,1,30.094761076751077,0.8818353791448431,1.8543597707751578,0.0
6.0,2.0,10,True,inserted,11.128242741467576,4.837155675471044,1,1,30.08630341445915,0.840026009298804,4.404668219581909,0.0
6.0,2.0,11,True,inserted,5.376528871395348,1.324199365861129,1,1,30.092854697287994,0.8568671823554219,1.427722883255953,0.0
6.0,2.0,12,True,inserted,6.620372499647845,2.4590179409944626,1,1,30.093390626327928,0.8592693998975753,2.895988311045118,0.0
6.0,2.0,13,True,inserted,13.922652226201304,7.525728031035504,1,11,28.41063928910128,0.45034211150572095,2.9102811905615127,334.3995859701508
6.0,2.0,14,True,inserted,19.177966502586333,5.473330999440426,1,1,30.080113496765538,0.8062280306188876,5.182059990265486,0.0
6.0,4.0,0,True,inserted,15.014855885671919,5.0461219247608105,1,1,30.089336487426213,0.8327515765762208,4.642017336052478,0.0
6.0,4.0,1,True,inserted,9.152763427195637,11.346609090915358,1,1,30.081316489255972,2.067220103995992,6.853986013872093,115.8714969127633
6.0,4.0,2,True,inserted,9.147122285427834,10.426674102300778,1,12,28.530531963579985,0.4985922499598514,3.114820845063757,372.10977667836727
6.0,4.0,3,True,inserted,10.548506728552859,2.272506931001779,1,1,30.08923555844071,0.8515819520194278,2.18278459330239,0.0
6.0,4.0,4,True,inserted,14.276027431561083,8.245796051683936,1,19,27.14607448668061,1.5772780455697721,6.648061400572343,394.0755198333922
6.0,4.0,5,True,inserted,11.714772990137917,8.078095720917362,1,1,30.099912423556873,0.8958240030616004,8.115032859090988,0.0
6.0,4.0,6,True,inserted,13.259782566472579,10.76923245053547,1,25,27.713014031893476,1.4214905507286912,6.910028661557413,391.070804274284
6.0,4.0,7,True,inserted,11.477220412054297,5.112387496825694,1,1,30.10622646398963,0.9142949577691156,5.364777497607028,0.0
6.0,4.0,8,True,inserted,10.23906137677527,11.05169873798379,1,1,30.23984919282792,1.348517362735271,7.317702135273983,92.05918083249848
6.0,4.0,9,True,inserted,14.639903105536266,19.025629086464612,1,30,27.102363618465493,1.5544538129310477,6.881470432829032,367.8215276637053
6.0,4.0,10,True,inserted,17.73228932924207,9.95695948967628,1,11,27.513439970912927,0.5227369651189179,2.3865706602414773,358.06093907674295
6.0,4.0,11,True,inserted,3.0457917271264363,13.403131370536173,1,27,27.910025852672945,0.4831089114561908,5.998295776519041,351.87748440663535
6.0,4.0,12,True,inserted,15.737453258216055,10.529765561072397,1,21,27.824647323881376,1.7344644211030902,8.557927317347321,422.58286903569905
6.0,4.0,13,True,inserted,3.4557464162690454,15.350908861124198,1,65,27.930755214306497,0.5722085309575428,5.743687803390699,386.50010175068223
6.0,4.0,14,True,inserted,10.799700418792929,18.14773737857304,1,18,27.595674223853624,0.5161676179232255,3.0834184981490016,376.03665020359796
6.0,6.0,0,True,inserted,13.708797556860604,21.914356407155008,26,23,28.792856548910677,0.4355988746905725,3.388591542495352,374.1069817956647
6.0,6.0,1,True,inserted,13.966915543111172,22.48524020656251,33,33,27.90441738317606,0.5530961311152743,5.359522297400574,375.9593352897141
6.0,6.0,2,True,inserted,14.51079281038784,13.946184327422111,1,10,27.792662191615893,0.34105906366289757,5.293370857377258,333.8986776678943
6.0,6.0,3,True,inserted,11.794465655666812,13.570683800584021,1,32,27.08384141533004,1.5642962188131413,6.6526900391926125,406.9461022658207
6.0,6.0,4,True,inserted,10.374017654494589,17.78593732901536,1,12,27.085837989794353,0.6850833035782191,6.361979149119638,414.5226817312074
6.0,6.0,5,True,inserted,13.227333159848738,7.133806436875374,1,18,27.376408061264282,1.667974099281416,8.506856457022787,380.7358618386567
6.0,6.0,6,True,inserted,3.1898479536157454,3.610051766393317,1,1,30.097506190869595,0.8763146920394755,3.9649335037862112,0.0
6.0,6.0,7,True,inserted,8.763616909670205,16.007538418478273,1,24,27.935929736915984,1.2669920442065865,6.93283974600201,451.14502633541076
6.0,6.0,8,True,inserted,14.483849038010296,31.736286500266797,101,40,28.742487004844893,0.5337372379178592,6.565267975027749,393.6820059023785
6.0,6.0,9,True,inserted,14.827459244150365,3.0698823923330485,1,1,30.105324161374536,0.8951534509486515,3.2329351602183554,0.0
6.0,6.0,10,True,inserted,12.737425898542437,17.952179780301094,1,12,27.455531826247167,0.5139254737503426,5.7531061805609625,399.5207163752348
6.0,6.0,11,False,spiral_exhausted,7.126872291717102,33.36095060301915,220,,0.3068402861030328,1.1030849367375506,,
6.0,6.0,12,True,inserted,16.621479649348277,20.238207101574123,1,51,27.718610470413164,0.6020540321017492,5.683611563454782,445.5596247054813
6.0,6.0,13,True,inserted,17.439730003528865,12.8099565912822,1,26,28.186917170978454,1.0647989213340687,6.436876242296877,351.8010260155979
6.0,6.0,14,True,inserted,12.713195949266954,21.780309299602347,33,35,27.078021935622026,1.579349201705658,7.093624127585555,379.9412532473351
6.0,8.0,0,True,inserted,11.151959883497963,11.34274686805007,1,23,28.518450936372336,1.872195429841837,7.108672093907616,391.4243490904666
6.0,8.0,1,False,spiral_exhausted,15.051160170364877,27.854552304118226,220,,0.1401222284191997,3.523560447008326,,
6.0,8.0,2,False,spiral_exhausted,7.482550464502023,30.35107338907975,220,,0.0,0.3354651551268709,,
6.0,8.0,3,True,inserted,12.514768327257045,19.950489514972485,1,34,28.384495047331917,2.113915841612541,8.299508162918434,388.51077226051626
6.0,8.0,4,True,inserted,11.645072761395454,24.591505248931277,38,34,27.88899641268124,1.3174696662947727,6.564902142448665,392.0026803990147
6.0,8.0,5,True,inserted,14.06763272370739,27.868026896112017,33,26,27.281447632523083,0.7582331690527006,6.588114650353733,385.90712735211275
6.0,8.0,6,True,inserted,15.507649985509467,23.50567891806769,28,24,28.550981067991607,0.44281640649526854,3.3512129754505766,395.39945945012755
6.0,8.0,7,True,inserted,12.27164371125064,9.938474480482386,1,11,27.507078429053923,0.5037010691324147,2.1100507162186473,396.2250715742558
6.0,8.0,8,False,spiral_exhausted,6.7666083225466265,36.08609817312641,220,,0.03388719844094057,0.5115063277952504,,
6.0,8.0,9,True,inserted,7.609440445098203,12.185086268869522,1,21,28.37171278342919,1.5294241157047033,8.268700711239816,379.9386332715523
6.0,8.0,10,True,inserted,9.389392052988057,16.073839168503667,1,12,27.811359337943763,0.6603917537859693,6.46422059355927,390.89629443967755
6.0,8.0,11,True,inserted,15.45858699559695,8.485493093938478,1,11,27.760072268579414,0.5267657531125354,1.8983799894991833,343.1603701257592
6.0,8.0,12,False,spiral_exhausted,15.286532763762569,22.875260679699434,220,,0.06152722877239558,0.728992198732979,,
6.0,8.0,13,False,spiral_exhausted,10.412301999989596,46.57084587219821,220,,0.07977071923725293,1.2997680112658294,,
6.0,8.0,14,False,spiral_exhausted,13.738409734323655,30.469144711945532,220,,0.057991401351140115,0.60044553818785,,
6.0,12.0,0,False,spiral_exhausted,6.388098500809561,34.9832522526541,220,,0.3027594439282272,3.4652722640747062,,
6.0,12.0,1,False,spiral_exhausted,14.851451537605964,47.16351929511913,220,,0.26136966844758636,3.6642508583346083,,
6.0,12.0,2,False,spiral_exhausted,8.042917114511498,35.856971364348766,220,,0.0,0.7185625417090958,,
6.0,12.0,3,True,inserted,9.468832871800041,37.423102738562555,58,34,27.595703333968526,0.5087348588904734,6.3267785214156635,419.32725219055544
6.0,12.0,4,False,timeout,14.97100933089007,57.170420961686915,213,220,30.32385405790464,1.6206745311304707,,12.515797856069435
6.0,12.0,5,True,inserted,11.348363753864962,44.927183701409014,114,33,28.98584670400888,0.4395655677205998,2.533020505876687,388.34311309105146
6.0,12.0,6,True,inserted,9.599641424489596,19.95017601269752,20,25,27.713390915738113,0.48482929969314587,2.8069045727204474,398.9531546224413
6.0,12.0,7,False,timeout,13.241465198222619,60.04135267714038,212,220,30.262666610260418,1.8683029919709597,,7.05823612089989
6.0,12.0,8,False,spiral_exhausted,5.054431023559646,28.601964732578807,220,,0.21140126916668195,3.2599228930178588,,
6.0,12.0,9,False,spiral_exhausted,9.601607265687225,42.424974470886355,220,,0.0,0.199229585205922,,
6.0,12.0,10,True,inserted,15.031206991416715,22.78516607066045,26,36,28.42422005226974,1.5721169229088507,6.645065398313872,391.6014560540526
6.0,12.0,11,True,inserted,5.721034274262611,23.717610467383665,42,52,27.60832169241334,0.6023000327551296,4.137405728886326,423.8684067409521
6.0,12.0,12,False,spiral_exhausted,11.640426159572392,49.84212494072959,220,,0.0,0.659795003093065,,
6.0,12.0,13,False,spiral_exhausted,3.2015439746786196,66.75845106979538,220,,1.2157207890981168,1.8856060314673668,,
6.0,12.0,14,False,spiral_exhausted,10.628628560340593,31.803256401599192,220,,0.19614914291894714,0.3546530898624458,,
6.0,16.0,0,True,inserted,14.060423436057322,20.727307914342923,26,38,28.82115880271535,0.5281942293007846,4.350108171744763,398.0228731113213
6.0,16.0,1,False,spiral_exhausted,12.609748578686784,29.357585778540525,220,,0.14942040455683675,0.676365047055121,,
6.0,16.0,2,False,spiral_exhausted,15.264908803127312,69.53596518162638,220,,0.0,0.40395708053931073,,
6.0,16.0,3,False,spiral_exhausted,16.988415557387544,67.4067552457579,220,,0.11608666388344263,1.1375843014506695,,
6.0,16.0,4,True,inserted,16.685550253415485,28.329712761727208,1,19,28.060183355936267,0.4796494493809875,6.011417003406796,411.25901393778173
6.0,16.0,5,True,inserted,12.238534087143051,10.693233487874473,1,1,30.177509975662144,0.9050339070544399,7.031311670817281,114.23484288321067
6.0,16.0,6,False,spiral_exhausted,1.5971168040548134,47.09575566063313,220,,0.005119222736826856,0.9458808957752877,,
6.0,16.0,7,True,inserted,13.690734783678964,32.44065147912505,1,32,27.80386451201265,0.5551136818156677,6.863686281326195,468.46341809647424
6.0,16.0,8,False,spiral_exhausted,15.35161248949102,23.239133467299297,220,,0.12873901308135816,0.9613656118923393,,
6.0,16.0,9,False,spiral_exhausted,10.31436663489602,45.13666696683628,220,,0.0,0.22566079611983014,,
6.0,16.0,10,False,spiral_exhausted,15.695923859533393,33.291459111629294,220,,0.0,0.9587892037797122,,
6.0,16.0,11,False,spiral_exhausted,11.89421236561258,62.35301270789123,220,,0.16493236488751561,0.7796675337776053,,
6.0,16.0,12,True,inserted,15.509326429199682,35.012918037908044,46,38,28.390645514420594,0.5065824919343163,4.733647845519081,453.0785459488951
6.0,16.0,13,True,inserted,8.398267265116482,33.26929842608251,1,33,27.390150542060365,0.5515102911453729,3.9606874669712013,432.8049086165157
6.0,16.0,14,False,spiral_exhausted,9.493668959106563,34.32582358374274,220,,0.0,1.1560676746279026,,
6.0,20.0,0,False,spiral_exhausted,14.907447801603036,57.361297366109724,220,,0.24157641054824153,3.9209002721045736,,
6.0,20.0,1,False,spiral_exhausted,11.567580881009738,69.24172565568848,220,,0.2351215158121686,1.0002702557450727,,
6.0,20.0,2,False,timeout,9.16014281039246,116.81135847530598,1,220,30.255823526723926,1.9246800229719554,,0.0
6.0,20.0,3,False,spiral_exhausted,12.771699413779645,29.08821650077908,220,,0.14231346317344212,3.560376447980651,,
6.0,20.0,4,False,spiral_exhausted,15.034617891592879,49.653592805440205,220,,0.05697230499580874,0.3435737980989625,,
6.0,20.0,5,False,spiral_exhausted,12.123742396656825,75.65836222730417,220,,0.0,0.7176195685577961,,
6.0,20.0,6,False,spiral_exhausted,3.8135581878150084,45.992916548535405,220,,0.05099190633135048,0.4965080437938923,,
6.0,20.0,7,False,timeout,8.959921458824033,74.37881774662834,208,220,30.372795637857514,2.072208008370897,,0.0
6.0,20.0,8,True,inserted,10.531341650218225,37.16112963100595,72,23,28.730738421837682,0.4145963078873199,5.647937472590409,398.34031726088233
6.0,20.0,9,False,spiral_exhausted,0.699249887180495,71.03315261694415,220,,0.0,0.05819378029054964,,
6.0,20.0,10,True,inserted,11.008884778643075,32.75319681126506,38,33,27.479194168158458,0.6628709965482876,6.6506395631508255,425.1855230871706
6.0,20.0,11,True,inserted,12.440696291789513,28.57653847237814,26,28,28.956143091323657,0.42589738502364693,5.593721489021127,408.1478834480468
6.0,20.0,12,False,spiral_exhausted,6.319720568566958,62.083877434489715,220,,0.12987040382300696,0.8658954303390969,,
6.0,20.0,13,False,spiral_exhausted,14.31149718289352,40.0376475346887,220,,0.1874983340564712,0.8783885858501238,,
6.0,20.0,14,True,inserted,8.464553138577271,15.78811297288607,1,30,27.499979386078532,1.6223765708717943,8.266116468844865,375.8239892897371
